{"root":[{"assemblyName":"MoreMountains.Feedbacks.URP","nameSpace":"MoreMountains.FeedbacksForThirdParty","className":"MMBloomShakeEvent_URP","methodName":"RuntimeInitialization","loadTypes":4,"isUnityClass":false},{"assemblyName":"MoreMountains.Feedbacks.URP","nameSpace":"MoreMountains.FeedbacksForThirdParty","className":"MMChannelMixerShakeEvent_URP","methodName":"RuntimeInitialization","loadTypes":4,"isUnityClass":false},{"assemblyName":"MoreMountains.Feedbacks.URP","nameSpace":"MoreMountains.FeedbacksForThirdParty","className":"MMChromaticAberrationShakeEvent_URP","methodName":"RuntimeInitialization","loadTypes":4,"isUnityClass":false},{"assemblyName":"MoreMountains.Feedbacks.URP","nameSpace":"MoreMountains.FeedbacksForThirdParty","className":"MMColorAdjustmentsShakeEvent_URP","methodName":"RuntimeInitialization","loadTypes":4,"isUnityClass":false},{"assemblyName":"MoreMountains.Feedbacks.URP","nameSpace":"MoreMountains.FeedbacksForThirdParty","className":"MMDepthOfFieldShakeEvent_URP","methodName":"RuntimeInitialization","loadTypes":4,"isUnityClass":false},{"assemblyName":"MoreMountains.Feedbacks.URP","nameSpace":"MoreMountains.FeedbacksForThirdParty","className":"MMFilmGrainShakeEvent_URP","methodName":"RuntimeInitialization","loadTypes":4,"isUnityClass":false},{"assemblyName":"MoreMountains.Feedbacks.URP","nameSpace":"MoreMountains.FeedbacksForThirdParty","className":"MMLensDistortionShakeEvent_URP","methodName":"RuntimeInitialization","loadTypes":4,"isUnityClass":false},{"assemblyName":"MoreMountains.Feedbacks.URP","nameSpace":"MoreMountains.FeedbacksForThirdParty","className":"MMMotionBlurShakeEvent_URP","methodName":"RuntimeInitialization","loadTypes":4,"isUnityClass":false},{"assemblyName":"MoreMountains.Feedbacks.URP","nameSpace":"MoreMountains.FeedbacksForThirdParty","className":"MMPaniniProjectionShakeEvent_URP","methodName":"RuntimeInitialization","loadTypes":4,"isUnityClass":false},{"assemblyName":"MoreMountains.Feedbacks.URP","nameSpace":"MoreMountains.FeedbacksForThirdParty","className":"MMVignetteShakeEvent_URP","methodName":"RuntimeInitialization","loadTypes":4,"isUnityClass":false},{"assemblyName":"MoreMountains.Feedbacks.URP","nameSpace":"MoreMountains.FeedbacksForThirdParty","className":"MMWhiteBalanceShakeEvent_URP","methodName":"RuntimeInitialization","loadTypes":4,"isUnityClass":false},{"assemblyName":"Unity.InputSystem","nameSpace":"UnityEngine.InputSystem","className":"InputSystem","methodName":"RunInitializeInPlayer","loadTypes":4,"isUnityClass":true},{"assemblyName":"Unity.InputSystem","nameSpace":"UnityEngine.InputSystem","className":"InputSystem","methodName":"RunInitialUpdate","loadTypes":1,"isUnityClass":true},{"assemblyName":"Unity.Services.Core.Internal","nameSpace":"Unity.Services.Core.Internal","className":"TaskAsyncOperation","methodName":"SetScheduler","loadTypes":1,"isUnityClass":true},{"assemblyName":"Unity.Services.Core.Internal","nameSpace":"Unity.Services.Core.Internal","className":"UnityServicesInitializer","methodName":"CreateStaticInstance","loadTypes":2,"isUnityClass":true},{"assemblyName":"Unity.Services.Core.Internal","nameSpace":"Unity.Services.Core.Internal","className":"UnityServicesInitializer","methodName":"EnableServicesInitializationAsync","loadTypes":0,"isUnityClass":true},{"assemblyName":"Cinemachine","nameSpace":"Cinemachine","className":"CinemachineStoryboard","methodName":"InitializeModule","loadTypes":0,"isUnityClass":false},{"assemblyName":"Cinemachine","nameSpace":"Cinemachine","className":"CinemachineCore","methodName":"InitializeModule","loadTypes":0,"isUnityClass":false},{"assemblyName":"Cinemachine","nameSpace":"Cinemachine","className":"UpdateTracker","methodName":"InitializeModule","loadTypes":0,"isUnityClass":false},{"assemblyName":"Cinemachine","nameSpace":"Cinemachine","className":"CinemachineImpulseManager","methodName":"InitializeModule","loadTypes":0,"isUnityClass":false},{"assemblyName":"Cinemachine","nameSpace":"Cinemachine.PostFX","className":"CinemachinePostProcessing","methodName":"InitializeModule","loadTypes":0,"isUnityClass":false},{"assemblyName":"Cinemachine","nameSpace":"Cinemachine.PostFX","className":"CinemachineVolumeSettings","methodName":"InitializeModule","loadTypes":0,"isUnityClass":false},{"assemblyName":"Unity.Services.Core.Registration","nameSpace":"Unity.Services.Core.Registration","className":"CorePackageInitializer","methodName":"Register","loadTypes":1,"isUnityClass":true},{"assemblyName":"MoreMountains.Feedbacks.PostProcessing","nameSpace":"MoreMountains.FeedbacksForThirdParty","className":"MMBloomShakeEvent","methodName":"RuntimeInitialization","loadTypes":4,"isUnityClass":false},{"assemblyName":"MoreMountains.Feedbacks.PostProcessing","nameSpace":"MoreMountains.FeedbacksForThirdParty","className":"MMChromaticAberrationShakeEvent","methodName":"RuntimeInitialization","loadTypes":4,"isUnityClass":false},{"assemblyName":"MoreMountains.Feedbacks.PostProcessing","nameSpace":"MoreMountains.FeedbacksForThirdParty","className":"MMColorGradingShakeEvent","methodName":"RuntimeInitialization","loadTypes":4,"isUnityClass":false},{"assemblyName":"MoreMountains.Feedbacks.PostProcessing","nameSpace":"MoreMountains.FeedbacksForThirdParty","className":"MMDepthOfFieldShakeEvent","methodName":"RuntimeInitialization","loadTypes":4,"isUnityClass":false},{"assemblyName":"MoreMountains.Feedbacks.PostProcessing","nameSpace":"MoreMountains.FeedbacksForThirdParty","className":"MMLensDistortionShakeEvent","methodName":"RuntimeInitialization","loadTypes":4,"isUnityClass":false},{"assemblyName":"MoreMountains.Feedbacks.PostProcessing","nameSpace":"MoreMountains.FeedbacksForThirdParty","className":"MMVignetteShakeEvent","methodName":"RuntimeInitialization","loadTypes":4,"isUnityClass":false},{"assemblyName":"MoreMountains.Feedbacks.Cinemachine","nameSpace":"MoreMountains.FeedbacksForThirdParty","className":"MMCinemachinePriorityEvent","methodName":"RuntimeInitialization","loadTypes":4,"isUnityClass":false},{"assemblyName":"MoreMountains.Feedbacks.HDRP","nameSpace":"MoreMountains.FeedbacksForThirdParty","className":"MMBloomShakeEvent_HDRP","methodName":"RuntimeInitialization","loadTypes":4,"isUnityClass":false},{"assemblyName":"MoreMountains.Feedbacks.HDRP","nameSpace":"MoreMountains.FeedbacksForThirdParty","className":"MMChannelMixerShakeEvent_HDRP","methodName":"RuntimeInitialization","loadTypes":4,"isUnityClass":false},{"assemblyName":"MoreMountains.Feedbacks.HDRP","nameSpace":"MoreMountains.FeedbacksForThirdParty","className":"MMChromaticAberrationShakeEvent_HDRP","methodName":"RuntimeInitialization","loadTypes":4,"isUnityClass":false},{"assemblyName":"MoreMountains.Feedbacks.HDRP","nameSpace":"MoreMountains.FeedbacksForThirdParty","className":"MMColorAdjustmentsShakeEvent_HDRP","methodName":"RuntimeInitialization","loadTypes":4,"isUnityClass":false},{"assemblyName":"MoreMountains.Feedbacks.HDRP","nameSpace":"MoreMountains.FeedbacksForThirdParty","className":"MMExposureShakeEvent_HDRP","methodName":"RuntimeInitialization","loadTypes":4,"isUnityClass":false},{"assemblyName":"MoreMountains.Feedbacks.HDRP","nameSpace":"MoreMountains.FeedbacksForThirdParty","className":"MMFilmGrainShakeEvent_HDRP","methodName":"RuntimeInitialization","loadTypes":4,"isUnityClass":false},{"assemblyName":"MoreMountains.Feedbacks.HDRP","nameSpace":"MoreMountains.FeedbacksForThirdParty","className":"MMLensDistortionShakeEvent_HDRP","methodName":"RuntimeInitialization","loadTypes":4,"isUnityClass":false},{"assemblyName":"MoreMountains.Feedbacks.HDRP","nameSpace":"MoreMountains.FeedbacksForThirdParty","className":"MMMotionBlurShakeEvent_HDRP","methodName":"RuntimeInitialization","loadTypes":4,"isUnityClass":false},{"assemblyName":"MoreMountains.Feedbacks.HDRP","nameSpace":"MoreMountains.FeedbacksForThirdParty","className":"MMPaniniProjectionShakeEvent_HDRP","methodName":"RuntimeInitialization","loadTypes":4,"isUnityClass":false},{"assemblyName":"MoreMountains.Feedbacks.HDRP","nameSpace":"MoreMountains.FeedbacksForThirdParty","className":"MMVignetteShakeEvent_HDRP","methodName":"RuntimeInitialization","loadTypes":4,"isUnityClass":false},{"assemblyName":"MoreMountains.Feedbacks.HDRP","nameSpace":"MoreMountains.FeedbacksForThirdParty","className":"MMWhiteBalanceShakeEvent_HDRP","methodName":"RuntimeInitialization","loadTypes":4,"isUnityClass":false},{"assemblyName":"Unity.RenderPipelines.Universal.Runtime","nameSpace":"UnityEngine.Rendering.Universal","className":"XRSystem","methodName":"XRSystemInit","loadTypes":3,"isUnityClass":true},{"assemblyName":"Unity.Services.Analytics","nameSpace":"","className":"Ua2CoreInitializeCallback","methodName":"Register","loadTypes":1,"isUnityClass":true},{"assemblyName":"Unity.RenderPipelines.Core.Runtime","nameSpace":"UnityEngine.Rendering","className":"DebugUpdater","methodName":"RuntimeInit","loadTypes":0,"isUnityClass":true},{"assemblyName":"Unity.Services.Core","nameSpace":"Unity.Services.Core","className":"UnityThreadUtils","methodName":"CaptureUnityThreadInfo","loadTypes":4,"isUnityClass":true},{"assemblyName":"Unity.VisualScripting.Core","nameSpace":"Unity.VisualScripting","className":"RuntimeVSUsageUtility","methodName":"RuntimeInitializeOnLoadBeforeSceneLoad","loadTypes":1,"isUnityClass":true},{"assemblyName":"Unity.2D.Animation.Runtime","nameSpace":"","className":"$BurstDirectCallInitializer","methodName":"Initialize","loadTypes":2,"isUnityClass":true},{"assemblyName":"MoreMountains.Feedbacks","nameSpace":"MoreMountains.Feedbacks","className":"MMFeedbacksEvent","methodName":"RuntimeInitialization","loadTypes":4,"isUnityClass":false},{"assemblyName":"MoreMountains.Feedbacks","nameSpace":"MoreMountains.Feedbacks","className":"MMSetFeedbackRangeCenterEvent","methodName":"RuntimeInitialization","loadTypes":4,"isUnityClass":false},{"assemblyName":"MoreMountains.Feedbacks","nameSpace":"MoreMountains.Feedbacks","className":"MMF_PlayerEvent","methodName":"RuntimeInitialization","loadTypes":4,"isUnityClass":false},{"assemblyName":"MoreMountains.Feedbacks","nameSpace":"MoreMountains.Feedbacks","className":"MMFloatingTextSpawnEvent","methodName":"RuntimeInitialization","loadTypes":4,"isUnityClass":false},{"assemblyName":"MoreMountains.Feedbacks","nameSpace":"MoreMountains.Feedbacks","className":"MMAudioFilterDistortionShakeEvent","methodName":"RuntimeInitialization","loadTypes":4,"isUnityClass":false},{"assemblyName":"MoreMountains.Feedbacks","nameSpace":"MoreMountains.Feedbacks","className":"MMAudioFilterEchoShakeEvent","methodName":"RuntimeInitialization","loadTypes":4,"isUnityClass":false},{"assemblyName":"MoreMountains.Feedbacks","nameSpace":"MoreMountains.Feedbacks","className":"MMAudioFilterHighPassShakeEvent","methodName":"RuntimeInitialization","loadTypes":4,"isUnityClass":false},{"assemblyName":"MoreMountains.Feedbacks","nameSpace":"MoreMountains.Feedbacks","className":"MMAudioFilterLowPassShakeEvent","methodName":"RuntimeInitialization","loadTypes":4,"isUnityClass":false},{"assemblyName":"MoreMountains.Feedbacks","nameSpace":"MoreMountains.Feedbacks","className":"MMAudioFilterReverbShakeEvent","methodName":"RuntimeInitialization","loadTypes":4,"isUnityClass":false},{"assemblyName":"MoreMountains.Feedbacks","nameSpace":"MoreMountains.Feedbacks","className":"MMAudioSourcePitchShakeEvent","methodName":"RuntimeInitialization","loadTypes":4,"isUnityClass":false},{"assemblyName":"MoreMountains.Feedbacks","nameSpace":"MoreMountains.Feedbacks","className":"MMAudioSourceStereoPanShakeEvent","methodName":"RuntimeInitialization","loadTypes":4,"isUnityClass":false},{"assemblyName":"MoreMountains.Feedbacks","nameSpace":"MoreMountains.Feedbacks","className":"MMAudioSourceVolumeShakeEvent","methodName":"RuntimeInitialization","loadTypes":4,"isUnityClass":false},{"assemblyName":"MoreMountains.Feedbacks","nameSpace":"MoreMountains.Feedbacks","className":"MMCameraClippingPlanesShakeEvent","methodName":"RuntimeInitialization","loadTypes":4,"isUnityClass":false},{"assemblyName":"MoreMountains.Feedbacks","nameSpace":"MoreMountains.Feedbacks","className":"MMCameraFieldOfViewShakeEvent","methodName":"RuntimeInitialization","loadTypes":4,"isUnityClass":false},{"assemblyName":"MoreMountains.Feedbacks","nameSpace":"MoreMountains.Feedbacks","className":"MMCameraOrthographicSizeShakeEvent","methodName":"RuntimeInitialization","loadTypes":4,"isUnityClass":false},{"assemblyName":"MoreMountains.Feedbacks","nameSpace":"MoreMountains.Feedbacks","className":"MMCameraZoomEvent","methodName":"RuntimeInitialization","loadTypes":4,"isUnityClass":false},{"assemblyName":"MoreMountains.Feedbacks","nameSpace":"MoreMountains.Feedbacks","className":"MMCameraShakeEvent","methodName":"RuntimeInitialization","loadTypes":4,"isUnityClass":false},{"assemblyName":"MoreMountains.Feedbacks","nameSpace":"MoreMountains.Feedbacks","className":"MMCameraShakeStopEvent","methodName":"RuntimeInitialization","loadTypes":4,"isUnityClass":false},{"assemblyName":"MoreMountains.Feedbacks","nameSpace":"MoreMountains.Feedbacks","className":"MMFeedbacksShakeEvent","methodName":"RuntimeInitialization","loadTypes":4,"isUnityClass":false},{"assemblyName":"MoreMountains.Feedbacks","nameSpace":"MoreMountains.Feedbacks","className":"MMFlashEvent","methodName":"RuntimeInitialization","loadTypes":4,"isUnityClass":false},{"assemblyName":"MoreMountains.Feedbacks","nameSpace":"MoreMountains.Feedbacks","className":"MMLightShakeEvent","methodName":"RuntimeInitialization","loadTypes":4,"isUnityClass":false},{"assemblyName":"MoreMountains.Feedbacks","nameSpace":"MoreMountains.Feedbacks","className":"MMLookAtShaker/MMLookAtShakeEvent","methodName":"RuntimeInitialization","loadTypes":4,"isUnityClass":false},{"assemblyName":"MoreMountains.Feedbacks","nameSpace":"MoreMountains.Feedbacks","className":"MMPositionShakeEvent","methodName":"RuntimeInitialization","loadTypes":4,"isUnityClass":false},{"assemblyName":"MoreMountains.Feedbacks","nameSpace":"MoreMountains.Feedbacks","className":"MMRotationShakeEvent","methodName":"RuntimeInitialization","loadTypes":4,"isUnityClass":false},{"assemblyName":"MoreMountains.Feedbacks","nameSpace":"MoreMountains.Feedbacks","className":"MMScaleShakeEvent","methodName":"RuntimeInitialization","loadTypes":4,"isUnityClass":false},{"assemblyName":"MoreMountains.Feedbacks","nameSpace":"MoreMountains.Feedbacks","className":"MMSpriteRendererShakeEvent","methodName":"RuntimeInitialization","loadTypes":4,"isUnityClass":false},{"assemblyName":"MoreMountains.Feedbacks","nameSpace":"MoreMountains.Feedbacks","className":"MMTimeScaleEvent","methodName":"RuntimeInitialization","loadTypes":4,"isUnityClass":false},{"assemblyName":"MoreMountains.Feedbacks","nameSpace":"MoreMountains.Feedbacks","className":"MMFreezeFrameEvent","methodName":"RuntimeInitialization","loadTypes":4,"isUnityClass":false},{"assemblyName":"MoreMountains.Tools","nameSpace":"MoreMountains.Tools","className":"MMBeatEvent","methodName":"RuntimeInitialization","loadTypes":4,"isUnityClass":false},{"assemblyName":"MoreMountains.Tools","nameSpace":"MoreMountains.Tools","className":"MMSfxEvent","methodName":"RuntimeInitialization","loadTypes":4,"isUnityClass":false},{"assemblyName":"MoreMountains.Tools","nameSpace":"MoreMountains.Tools","className":"MMPlaylistPlayEvent","methodName":"RuntimeInitialization","loadTypes":4,"isUnityClass":false},{"assemblyName":"MoreMountains.Tools","nameSpace":"MoreMountains.Tools","className":"MMPlaylistStopEvent","methodName":"RuntimeInitialization","loadTypes":4,"isUnityClass":false},{"assemblyName":"MoreMountains.Tools","nameSpace":"MoreMountains.Tools","className":"MMPlaylistPauseEvent","methodName":"RuntimeInitialization","loadTypes":4,"isUnityClass":false},{"assemblyName":"MoreMountains.Tools","nameSpace":"MoreMountains.Tools","className":"MMPlaylistPlayNextEvent","methodName":"RuntimeInitialization","loadTypes":4,"isUnityClass":false},{"assemblyName":"MoreMountains.Tools","nameSpace":"MoreMountains.Tools","className":"MMPlaylistPlayPreviousEvent","methodName":"RuntimeInitialization","loadTypes":4,"isUnityClass":false},{"assemblyName":"MoreMountains.Tools","nameSpace":"MoreMountains.Tools","className":"MMPlaylistPlayIndexEvent","methodName":"RuntimeInitialization","loadTypes":4,"isUnityClass":false},{"assemblyName":"MoreMountains.Tools","nameSpace":"MoreMountains.Tools","className":"MMSoundManagerSoundPlayEvent","methodName":"RuntimeInitialization","loadTypes":4,"isUnityClass":false},{"assemblyName":"MoreMountains.Tools","nameSpace":"MoreMountains.Tools","className":"MMPostProcessingMovingFilterEvent","methodName":"RuntimeInitialization","loadTypes":4,"isUnityClass":false},{"assemblyName":"MoreMountains.Tools","nameSpace":"MoreMountains.Tools","className":"MMDebugMenuButtonEvent","methodName":"RuntimeInitialization","loadTypes":4,"isUnityClass":false},{"assemblyName":"MoreMountains.Tools","nameSpace":"MoreMountains.Tools","className":"MMDebugMenuCheckboxEvent","methodName":"RuntimeInitialization","loadTypes":4,"isUnityClass":false},{"assemblyName":"MoreMountains.Tools","nameSpace":"MoreMountains.Tools","className":"MMDebugMenuSliderEvent","methodName":"RuntimeInitialization","loadTypes":4,"isUnityClass":false},{"assemblyName":"MoreMountains.Tools","nameSpace":"MoreMountains.Tools","className":"MMDebug/MMDebugLogEvent","methodName":"RuntimeInitialization","loadTypes":4,"isUnityClass":false},{"assemblyName":"MoreMountains.Tools","nameSpace":"MoreMountains.Tools","className":"MMRadioLevelEvent","methodName":"RuntimeInitialization","loadTypes":4,"isUnityClass":false}]}
